Marka;Seri;Model;Ürün Kodu;Yakıt;Kafa;SpecKey;Veri Durumu;Kaynak Katalog;Sayfa
Ecoflam;BLU Serisi;BLU 5000.1 PR TC;;gas;TC;blu5000pr;Datasheet ölçüleri hazır;BLU 5000.1 - 6000.1 PR.pdf;10
Ecoflam;BLU Serisi;BLU 3000.1 PR TC;3145867;gas;TC;blu3000pr;Datasheet ölçüleri hazır;BLU 3000.1-4000.1 PR-TR.pdf;10
Baltur;TBML;TBML 800ME;;dual;;;Ölçü verisi bekleniyor;;
Ecoflam;MAX GAS Serisi;MAX GAS 40 LN P TC GN SR TW 230/50/60;3142741;gas-basic;TC;;Ölçü verisi bekleniyor;;
Ecoflam;MAX GAS Serisi;MAX GAS 40 LN P TL GN SR TW 230/50/60;3142742;gas-basic;TL;;Ölçü verisi bekleniyor;;
Ecoflam;MAX GAS Serisi;MAX GAS 70 LN P TC GN SR TW 230/50/60;3142743;gas-basic;TC;;Ölçü verisi bekleniyor;;
Ecoflam;MAX GAS Serisi;MAX GAS 70 LN P TL GN SR TW 230/50/60;3142744;gas-basic;TL;;Ölçü verisi bekleniyor;;
Ecoflam;MAX GAS Serisi;MAX GAS 105 LN P TC GN SR TW 230/50/60;3142745;gas-basic;TC;;Ölçü verisi bekleniyor;;
Ecoflam;MAX GAS Serisi;MAX GAS 105 LN P TL GN SR TW 230/50/60;3142746;gas-basic;TL;;Ölçü verisi bekleniyor;;
Ecoflam;MAX GAS Serisi;MAX GAS 120 LN P TC GN SR TW 230/50/60;3142747;gas-basic;TC;;Ölçü verisi bekleniyor;;
Ecoflam;MAX GAS Serisi;MAX GAS 120 LN P TL GN SR TW 230/50/60;3142748;gas-basic;TL;;Ölçü verisi bekleniyor;;
Ecoflam;MULTICALOR Serisi;MULTICALOR 300.1 PR TC SGT 230-400-50;3142642;dual;TC;;Ölçü verisi bekleniyor;;
Ecoflam;MULTICALOR Serisi;MULTICALOR 300.1 PR TL SGT 230-400-50;3142643;dual;TL;;Ölçü verisi bekleniyor;;
Ecoflam;MULTICALOR Serisi;MULTICALOR 300.1 PR TL LPG;3147139;dual;TL;;Ölçü verisi bekleniyor;;
Ecoflam;MULTICALOR Serisi;MULTICALOR 400.1 PR TC SGT 230-400-50;3142644;dual;TC;;Ölçü verisi bekleniyor;;
Ecoflam;MULTICALOR Serisi;MULTICALOR 400.1 PR TL SGT 230-400-50;3142645;dual;TL;;Ölçü verisi bekleniyor;;
Ecoflam;MULTICALOR Serisi;MULTICALOR 300.1 PR TC SGT 230-400-50 NS;3143765;dual;TC;;Ölçü verisi bekleniyor;;
Ecoflam;MULTICALOR Serisi;MULTICALOR 300.1 PR TL SGT 230-400-50 NS;3143766;dual;TL;;Ölçü verisi bekleniyor;;
Ecoflam;MULTICALOR Serisi;MULTICALOR 400.1 PR TC SGT 230-400-50 NS;3143767;dual;TC;;Ölçü verisi bekleniyor;;
Ecoflam;MULTICALOR Serisi;MULTICALOR 400.1 PR TL SGT 230-400-50 NS;3143768;dual;TL;;Ölçü verisi bekleniyor;;
Ecoflam;BLU Serisi;BLU 700.1 LN PR TC;3143984;gas;TC;blu700pr;Datasheet ölçüleri hazır;BLU 700.1 LN PR  - 1000.1 PR - 1001.1 LN PR - 1200.1 PR - 1200.1 LN PR.pdf;5
Ecoflam;BLU Serisi;BLU 700.1 LN PR TL;3143985;gas;TL;blu700pr;Datasheet ölçüleri hazır;BLU 700.1 LN PR  - 1000.1 PR - 1001.1 LN PR - 1200.1 PR - 1200.1 LN PR.pdf;5
Ecoflam;BLU Serisi;BLU 1000.1 PR TC;3144045;gas;TC;blu1000pr;Datasheet ölçüleri hazır;BLU 700.1 LN PR  - 1000.1 PR - 1001.1 LN PR - 1200.1 PR - 1200.1 LN PR.pdf;5
Ecoflam;BLU Serisi;BLU 1000.1 PR TL;3144046;gas;TL;blu1000pr;Datasheet ölçüleri hazır;BLU 700.1 LN PR  - 1000.1 PR - 1001.1 LN PR - 1200.1 PR - 1200.1 LN PR.pdf;5
Ecoflam;BLU Serisi;BLU 1000.1 LN PR TC;3143990;gas;TC;blu1000pr;Datasheet ölçüleri hazır;BLU 700.1 LN PR  - 1000.1 PR - 1001.1 LN PR - 1200.1 PR - 1200.1 LN PR.pdf;5
Ecoflam;BLU Serisi;BLU 1000.1 LN PR TL;3143991;gas;TL;blu1000pr;Datasheet ölçüleri hazır;BLU 700.1 LN PR  - 1000.1 PR - 1001.1 LN PR - 1200.1 PR - 1200.1 LN PR.pdf;5
Ecoflam;BLU Serisi;BLU 1200.1 PR TC;3144047;gas;TC;blu1200pr;Datasheet ölçüleri hazır;BLU 700.1 LN PR  - 1000.1 PR - 1001.1 LN PR - 1200.1 PR - 1200.1 LN PR.pdf;5
Ecoflam;BLU Serisi;BLU 1200.1 PR TL;3144048;gas;TL;blu1200pr;Datasheet ölçüleri hazır;BLU 700.1 LN PR  - 1000.1 PR - 1001.1 LN PR - 1200.1 PR - 1200.1 LN PR.pdf;5
Ecoflam;BLU Serisi;BLU 1700.1 PR TC;3140401;gas;TC;blu1700pr;Datasheet ölçüleri hazır;"BLU 1500  PR.pdf; BLU 1500.1 LN PR.pdf; BLU 1700.1 PR - 2000.1 PR.pdf";5
Ecoflam;BLU Serisi;BLU 1700.1 PR TL;3140402;gas;TL;blu1700pr;Datasheet ölçüleri hazır;"BLU 1500  PR.pdf; BLU 1500.1 LN PR.pdf; BLU 1700.1 PR - 2000.1 PR.pdf";5
Ecoflam;BLU Serisi;BLU 2000.1 PR TC;3140403;gas;TC;blu2000pr;Datasheet ölçüleri hazır;"BLU 1500  PR.pdf; BLU 1500.1 LN PR.pdf; BLU 1700.1 PR - 2000.1 PR.pdf";5
Ecoflam;BLU Serisi;BLU 2000.1 PR TL;3140404;gas;TL;blu2000pr;Datasheet ölçüleri hazır;"BLU 1500  PR.pdf; BLU 1500.1 LN PR.pdf; BLU 1700.1 PR - 2000.1 PR.pdf";5
Ecoflam;BLU Serisi;BLU 3000.1 PR TL;3145868;gas;TL;blu3000pr;Datasheet ölçüleri hazır;BLU 3000.1-4000.1 PR-TR.pdf;10
Ecoflam;BLU Serisi;BLU 4000.1 PR TC;3145869;gas;TC;blu4000pr;Datasheet ölçüleri hazır;BLU 3000.1-4000.1 PR-TR.pdf;10
Ecoflam;BLU Serisi;BLU 4000.1 PR TL;3145870;gas;TL;blu4000pr;Datasheet ölçüleri hazır;BLU 3000.1-4000.1 PR-TR.pdf;10
Ecoflam;BLU Serisi;BLU 5000.1 PR TL;3145872;gas;TL;blu5000pr;Datasheet ölçüleri hazır;BLU 5000.1 - 6000.1 PR.pdf;10
Ecoflam;BLU Serisi;BLU 6000.1 PR TC;3145873;gas;TC;blu6000pr;Datasheet ölçüleri hazır;BLU 5000.1 - 6000.1 PR.pdf;10
Ecoflam;BLU Serisi;BLU 6000.1 PR TL;3145874;gas;TL;blu6000pr;Datasheet ölçüleri hazır;BLU 5000.1 - 6000.1 PR.pdf;10
Ecoflam;BLU Serisi;BLU 7000.1 PR TC;3145875;gas;TC;;Ölçü verisi bekleniyor;;
Ecoflam;BLU Serisi;BLU 8000.1 PR TC;3145876;gas;TC;;Ölçü verisi bekleniyor;;
Ecoflam;BLU Serisi;BLU 10000.1 PR TC;3145877;gas;TC;;Ölçü verisi bekleniyor;;
Ecoflam;BLU Serisi;BLU 10000.1 PR TC GN 290MBAR LME73 S;3148942;gas;TC;;Ölçü verisi bekleniyor;;
Ecoflam;BLU Serisi;BLU 12000.1 PR TC;3145878;gas;TC;;Ölçü verisi bekleniyor;;
Ecoflam;MAX GAS Serisi;MAX GAS 350 E PAB TC;3146296;gas-basic;TC;maxgas350;Datasheet ölçüleri hazır;MAX GAS 350 E PAB - 400 E PAB - 500 E PAB - 700 LN PAB.pdf;5
Ecoflam;MAX GAS Serisi;MAX GAS 350 E PAB TL;3146297;gas-basic;TL;maxgas350;Datasheet ölçüleri hazır;MAX GAS 350 E PAB - 400 E PAB - 500 E PAB - 700 LN PAB.pdf;5
Ecoflam;MAX GAS Serisi;MAX GAS 400 E PAB TC;3146300;gas-basic;TC;maxgas400;Datasheet ölçüleri hazır;MAX GAS 350 E PAB - 400 E PAB - 500 E PAB - 700 LN PAB.pdf;5
Ecoflam;MAX GAS Serisi;MAX GAS 400 E PAB TL;3146301;gas-basic;TL;maxgas400;Datasheet ölçüleri hazır;MAX GAS 350 E PAB - 400 E PAB - 500 E PAB - 700 LN PAB.pdf;5
Ecoflam;MAX GAS Serisi;MAX GAS 500 E PAB TC;3146304;gas-basic;TC;maxgas500;Datasheet ölçüleri hazır;MAX GAS 350 E PAB - 400 E PAB - 500 E PAB - 700 LN PAB.pdf;5
Ecoflam;MAX GAS Serisi;MAX GAS 500 E PAB TL;3146305;gas-basic;TL;maxgas500;Datasheet ölçüleri hazır;MAX GAS 350 E PAB - 400 E PAB - 500 E PAB - 700 LN PAB.pdf;5
Ecoflam;MAX GAS Serisi;MAX GAS 700 LN PAB TC;3146308;gas-basic;TC;maxgas700;Datasheet ölçüleri hazır;MAX GAS 350 E PAB - 400 E PAB - 500 E PAB - 700 LN PAB.pdf;5
Ecoflam;MAX GAS Serisi;MAX GAS 700 LN PAB TL;3146309;gas-basic;TL;maxgas700;Datasheet ölçüleri hazır;MAX GAS 350 E PAB - 400 E PAB - 500 E PAB - 700 LN PAB.pdf;5
Ecoflam;BLU Serisi;BLU 1500.1 PR TC CL2;3147091;gas;TC;blu1500pr;Datasheet ölçüleri hazır;"BLU 1500  PR.pdf; BLU 1500.1 LN PR.pdf; BLU 1700.1 PR - 2000.1 PR.pdf";5
Ecoflam;BLU Serisi;BLU 1500.1 PR TL CL2;3147094;gas;TL;blu1500pr;Datasheet ölçüleri hazır;"BLU 1500  PR.pdf; BLU 1500.1 LN PR.pdf; BLU 1700.1 PR - 2000.1 PR.pdf";5
Ecoflam;MAX GAS Serisi;MAX GAS 70 LN PAB TC;3123950;gas-basic;TC;;Ölçü verisi bekleniyor;;
Ecoflam;MAX GAS Serisi;MAX GAS 70 LN PAB TL;3123951;gas-basic;TL;;Ölçü verisi bekleniyor;;
Ecoflam;MAX GAS Serisi;MAX GAS 105 LN PAB TC;3123952;gas-basic;TC;;Ölçü verisi bekleniyor;;
Ecoflam;MAX GAS Serisi;MAX GAS 105 LN PAB TL;3123953;gas-basic;TL;;Ölçü verisi bekleniyor;;
Ecoflam;MAX GAS Serisi;MAX GAS 120 LN PAB TC;3123954;gas-basic;TC;;Ölçü verisi bekleniyor;;
Ecoflam;MAX GAS Serisi;MAX GAS 120 LN PAB TL;3123955;gas-basic;TL;;Ölçü verisi bekleniyor;;
Ecoflam;BLU Serisi;BLU 3000.1 PR TC - CL2;3147093;gas;TC;blu3000cl2;Datasheet ölçüleri hazır;BLU 3000 PR.pdf;10
Ecoflam;BLU Serisi;BLU 3000.1 PR TL - CL2;3147096;gas;TL;blu3000cl2;Datasheet ölçüleri hazır;BLU 3000 PR.pdf;10
Ecoflam;BLU Serisi;BLU 3000.1 PRE TC S;3148004;gas;TC;blu3000pre;Datasheet ölçüleri hazır;BLU 3000.1-4000.1 PRE.pdf;9
Ecoflam;BLU Serisi;BLU 3000.1 PRE TC FCA-CL2;3148368;gas;TC;blu3000pre;Datasheet ölçüleri hazır;BLU 3000.1-4000.1 PRE.pdf;9
Ecoflam;BLU Serisi;BLU 2500.2 PRE TL FCA-CL2;3148369;gas;TL;;Ölçü verisi bekleniyor;;
Ecoflam;MULTICALOR Serisi;MULTICALOR 700.1 PR TC;3149600;dual;TC;multicalor700pr;Datasheet ölçüleri hazır;MULTICALOR 700.1-800.1 PR.pdf;10
Ecoflam;MULTICALOR Serisi;MULTICALOR 800.1 PR TC;3149582;dual;TC;multicalor800pr;Datasheet ölçüleri hazır;MULTICALOR 700.1-800.1 PR.pdf;10
Ecoflam;MULTICALOR Serisi;MULTICALOR 800.2 PR TC LPG S;3149676;dual;TC;;Ölçü verisi bekleniyor;;
Ecoflam;MULTICALOR Serisi;MULTICALOR 500.1 PR TC Z;4393027;dual;TC;multicalor500z;Datasheet ölçüleri hazır;MULTİCALOR 500.1 MULTİCALOR 600.1 PR TC -Z YENİ DÜZELTİLMİŞ.pdf;9
Ecoflam;MULTICALOR Serisi;MULTICALOR 600.1 PR TC Z;4393028;dual;TC;multicalor600z;Datasheet ölçüleri hazır;MULTİCALOR 500.1 MULTİCALOR 600.1 PR TC -Z YENİ DÜZELTİLMİŞ.pdf;9
Ecoflam;OILFLAM Serisi;OILFLAM 500.1 PR TC 230-400-50;3142620;oil;TC;oilflam500;Datasheet ölçüleri hazır;ENORPA OILFLAM kontrol taslağı;
Ecoflam;OILFLAM Serisi;OILFLAM 500.1 PR TC M100 230-400-50;3144369;oil;TC;oilflam500;Datasheet ölçüleri hazır;ENORPA OILFLAM kontrol taslağı;
Ecoflam;OILFLAM Serisi;OILFLAM 500.1 PR TC 230-400-50 NS;3143761;oil;TC;oilflam500;Datasheet ölçüleri hazır;ENORPA OILFLAM kontrol taslağı;
Ecoflam;OILFLAM Serisi;OILFLAM 500.1 PR TL 230-400-50;3142621;oil;TL;oilflam500;Datasheet ölçüleri hazır;ENORPA OILFLAM kontrol taslağı;
Ecoflam;OILFLAM Serisi;OILFLAM 500.1 PR TL 230-400-50 NS;3143762;oil;TL;oilflam500;Datasheet ölçüleri hazır;ENORPA OILFLAM kontrol taslağı;
Ecoflam;OILFLAM Serisi;OILFLAM 600.1 PR TC 230-400-50;3142622;oil;TC;oilflam600;Datasheet ölçüleri hazır;ENORPA OILFLAM kontrol taslağı;
Ecoflam;OILFLAM Serisi;OILFLAM 600.1 PR TL 230-400-50;3142623;oil;TL;oilflam600;Datasheet ölçüleri hazır;ENORPA OILFLAM kontrol taslağı;
Baltur;TBG;TBG 1600ME;67480010;gas;;;Ölçü verisi bekleniyor;;
Ecoflam;MULTICALOR Serisi;MULTICALOR 170.1 PR-AB TC Z;4393023;dual;TC;multicalor170z;Datasheet ölçüleri hazır;MULTICALOR 170.1-200.1 PR-AB Z (4393023).pdf;5
Ecoflam;MULTICALOR Serisi;MULTICALOR 700.1 PR TC S;4393264;dual;TC;multicalor700s;Datasheet ölçüleri hazır;MULTICALOR 700.1 PR Z(4393264).pdf;9
Ecoflam;MULTICALOR Serisi;MULTICALOR 70 Z TC;;dual;TC;multicalor70z;Datasheet ölçüleri hazır;Multicalor 70 Z - 100 Z - 140 Z.pdf;2
Ecoflam;MULTICALOR Serisi;MULTICALOR 70 Z TL;;dual;TL;multicalor70z;Datasheet ölçüleri hazır;Multicalor 70 Z - 100 Z - 140 Z.pdf;2
Ecoflam;MULTICALOR Serisi;MULTICALOR 100 Z TC;;dual;TC;multicalor100z;Datasheet ölçüleri hazır;Multicalor 70 Z - 100 Z - 140 Z.pdf;2
Ecoflam;MULTICALOR Serisi;MULTICALOR 100 Z TL;;dual;TL;multicalor100z;Datasheet ölçüleri hazır;Multicalor 70 Z - 100 Z - 140 Z.pdf;2
Ecoflam;MULTICALOR Serisi;MULTICALOR 140 Z TC;;dual;TC;multicalor140z;Datasheet ölçüleri hazır;Multicalor 70 Z - 100 Z - 140 Z.pdf;2
Ecoflam;MULTICALOR Serisi;MULTICALOR 140 Z TL;;dual;TL;multicalor140z;Datasheet ölçüleri hazır;Multicalor 70 Z - 100 Z - 140 Z.pdf;2
Ecoflam;MULTICALOR Serisi;MULTICALOR 170.1 PR-AB TL Z;;dual;TL;multicalor170z;Datasheet ölçüleri hazır;MULTICALOR 170.1-200.1 PR-AB Z (4393023).pdf;5
Ecoflam;MULTICALOR Serisi;MULTICALOR 200.1 PR-AB TC Z;4393024;dual;TC;multicalor200z;Datasheet ölçüleri hazır;MULTICALOR 170.1-200.1 PR-AB Z (4393023).pdf;5
Ecoflam;MULTICALOR Serisi;MULTICALOR 200.1 PR-AB TL Z;;dual;TL;multicalor200z;Datasheet ölçüleri hazır;MULTICALOR 170.1-200.1 PR-AB Z (4393023).pdf;5
Ecoflam;MULTICALOR Serisi;MULTICALOR 1000.1 PR TC;3146122;dual;TC;multicalor1000pr;Datasheet ölçüleri hazır;MULTICALOR 1200.1 PR (3146158).pdf;10
Ecoflam;MULTICALOR Serisi;MULTICALOR 1200.1 PR TC;3146158;dual;TC;multicalor1200pr;Datasheet ölçüleri hazır;MULTICALOR 1200.1 PR (3146158).pdf;10
Ecoflam;MULTICALOR Serisi;MULTICALOR 1500.1 PR TC;;dual;TC;multicalor1500pr;Datasheet ölçüleri hazır;MULTICALOR 1800.1 PR(3146406).pdf;10
Ecoflam;MULTICALOR Serisi;MULTICALOR 1800.1 PR TC;3146406;dual;TC;multicalor1800pr;Datasheet ölçüleri hazır;MULTICALOR 1800.1 PR(3146406).pdf;10
Ecoflam;BLU Serisi;BLU 700.1 LN PAB TC;3143977;gas;TC;blu700pab;Datasheet ölçüleri hazır;BLU 700.1 LN - 1000.1-1200.1 PAB.pdf;5
Ecoflam;BLU Serisi;BLU 700.1 LN PAB TL;3143978;gas;TL;blu700pab;Datasheet ölçüleri hazır;BLU 700.1 LN - 1000.1-1200.1 PAB.pdf;5
Ecoflam;BLU Serisi;BLU 1000.1 PAB TC;3144040;gas;TC;blu1000pab;Datasheet ölçüleri hazır;BLU 700.1 LN - 1000.1-1200.1 PAB.pdf;5
Ecoflam;BLU Serisi;BLU 1000.1 PAB TL;3144041;gas;TL;blu1000pab;Datasheet ölçüleri hazır;BLU 700.1 LN - 1000.1-1200.1 PAB.pdf;5
Ecoflam;BLU Serisi;BLU 1000.1 LN PAB TC;3143988;gas;TC;blu1000pab;Datasheet ölçüleri hazır;BLU 700.1 LN - 1000.1-1200.1 PAB.pdf;5
Ecoflam;BLU Serisi;BLU 1000.1 LN PAB TL;3143989;gas;TL;blu1000pab;Datasheet ölçüleri hazır;BLU 700.1 LN - 1000.1-1200.1 PAB.pdf;5
Ecoflam;BLU Serisi;BLU 1200.1 PAB TC;3144043;gas;TC;blu1200pab;Datasheet ölçüleri hazır;BLU 700.1 LN - 1000.1-1200.1 PAB.pdf;5
Ecoflam;BLU Serisi;BLU 1200.1 PAB TL;3144044;gas;TL;blu1200pab;Datasheet ölçüleri hazır;BLU 700.1 LN - 1000.1-1200.1 PAB.pdf;5
Ecoflam;BLU Serisi;BLU 1200.1 LN PAB TC;3143994;gas;TC;blu1200pab;Datasheet ölçüleri hazır;BLU 700.1 LN - 1000.1-1200.1 PAB.pdf;5
Ecoflam;BLU Serisi;BLU 1200.1 LN PAB TL;3143995;gas;TL;blu1200pab;Datasheet ölçüleri hazır;BLU 700.1 LN - 1000.1-1200.1 PAB.pdf;5
Ecoflam;BLU Serisi;BLU 1500.1 LN PR TC;3144003;gas;TC;blu1500pr;Datasheet ölçüleri hazır;"BLU 1500  PR.pdf; BLU 1500.1 LN PR.pdf; BLU 1700.1 PR - 2000.1 PR.pdf";5
Ecoflam;BLU Serisi;BLU 1500.1 LN PR TL;3144004;gas;TL;blu1500pr;Datasheet ölçüleri hazır;"BLU 1500  PR.pdf; BLU 1500.1 LN PR.pdf; BLU 1700.1 PR - 2000.1 PR.pdf";5
Ecoflam;BLU Serisi;BLU 3000.1 PR TM - CL2;;gas;TM;blu3000cl2;Datasheet ölçüleri hazır;BLU 3000 PR.pdf;10
Ecoflam;BLU Serisi;BLU 3000.1 PRE TL;3145125;gas;TL;blu3000pre;Datasheet ölçüleri hazır;BLU 3000.1-4000.1 PRE.pdf;9
Ecoflam;BLU Serisi;BLU 4000.1 PRE TC;3145126;gas;TC;blu4000pre;Datasheet ölçüleri hazır;BLU 3000.1-4000.1 PRE.pdf;9
Ecoflam;BLU Serisi;BLU 4000.1 PRE TL;3145127;gas;TL;blu4000pre;Datasheet ölçüleri hazır;BLU 3000.1-4000.1 PRE.pdf;9
Ecoflam;BLU Serisi;BLU 7000.1 LN PRE TC FCA S;4384827;gas;TC;blu7000pre1;Datasheet ölçüleri hazır;BLU 7000.1 PRE FCA (4384827).pdf;9
Ecoflam;BLU Serisi;BLU 7000.1 LN PRE TM FCA S;;gas;TM;blu7000pre1;Datasheet ölçüleri hazır;BLU 7000.1 PRE FCA (4384827).pdf;9
Ecoflam;BLU Serisi;BLU 8000.1 LN PRE;;gas;;blu8000pre1;"Teknik çizim var; model ölçü satırı katalogda boş";BLU 7000.1 PRE FCA (4384827).pdf;9
Ecoflam;BLU Serisi;BLU 10000.1 LN PRE;;gas;;blu10000pre1;"Teknik çizim var; model ölçü satırı katalogda boş";BLU 7000.1 PRE FCA (4384827).pdf;9
Ecoflam;BLU Serisi;BLU 12000.1 LN PRE;;gas;;blu12000pre1;"Teknik çizim var; model ölçü satırı katalogda boş";BLU 7000.1 PRE FCA (4384827).pdf;9
Ecoflam;BLU Serisi;BLU 7000.2 LN PRE TC;;gas;TC;blu7000pre2;Datasheet ölçüleri hazır;blu 8000 pre ln 2- class 3 .pdf;10
Ecoflam;BLU Serisi;BLU 7000.2 LN PRE TM;;gas;TM;blu7000pre2;Datasheet ölçüleri hazır;blu 8000 pre ln 2- class 3 .pdf;10
Ecoflam;BLU Serisi;BLU 7000.2 LN PRE TL;;gas;TL;blu7000pre2;Datasheet ölçüleri hazır;blu 8000 pre ln 2- class 3 .pdf;10
Ecoflam;BLU Serisi;BLU 8000.2 LN PRE TC;;gas;TC;blu8000pre2;Datasheet ölçüleri hazır;blu 8000 pre ln 2- class 3 .pdf;10
Ecoflam;BLU Serisi;BLU 8000.2 LN PRE TM;;gas;TM;blu8000pre2;Datasheet ölçüleri hazır;blu 8000 pre ln 2- class 3 .pdf;10
Ecoflam;BLU Serisi;BLU 8000.2 LN PRE TL;;gas;TL;blu8000pre2;Datasheet ölçüleri hazır;blu 8000 pre ln 2- class 3 .pdf;10
Ecoflam;BLU Serisi;BLU 10000.2 LN PRE TC;;gas;TC;blu10000pre2;Datasheet ölçüleri hazır;blu 8000 pre ln 2- class 3 .pdf;10
Ecoflam;BLU Serisi;BLU 10000.2 LN PRE TM;3145283;gas;TM;blu10000pre2;Datasheet ölçüleri hazır;blu 8000 pre ln 2- class 3 .pdf;10
Ecoflam;BLU Serisi;BLU 10000.2 LN PRE TL;3145284;gas;TL;blu10000pre2;Datasheet ölçüleri hazır;blu 8000 pre ln 2- class 3 .pdf;10
Ecoflam;BLU Serisi;BLU 12000.2 LN PRE TC;;gas;TC;blu12000pre2;Datasheet ölçüleri hazır;blu 8000 pre ln 2- class 3 .pdf;10
Ecoflam;BLU Serisi;BLU 12000.2 LN PRE TM;3145273;gas;TM;blu12000pre2;Datasheet ölçüleri hazır;blu 8000 pre ln 2- class 3 .pdf;10
Ecoflam;BLU Serisi;BLU 12000.2 LN PRE TL;3145274;gas;TL;blu12000pre2;Datasheet ölçüleri hazır;blu 8000 pre ln 2- class 3 .pdf;10
Ecoflam;BLU TS;BLU TS 15000.1 LN PRE TC HT;;gas;TC;blu-ts-15000-pre;"Teknik çizim var; model ölçü satırı katalogda boş";BLU TS 15000 - TS 18000.pdf;9
Ecoflam;BLU TS;BLU TS 15000.1 LN PRE TM HT;;gas;TM;blu-ts-15000-pre;"Teknik çizim var; model ölçü satırı katalogda boş";BLU TS 15000 - TS 18000.pdf;9
Ecoflam;BLU TS;BLU TS 15000.1 LN PRE TL HT;;gas;TL;blu-ts-15000-pre;"Teknik çizim var; model ölçü satırı katalogda boş";BLU TS 15000 - TS 18000.pdf;9
Ecoflam;BLU TS;BLU TS 18000.1 LN PRE TC HT;3145640;gas;TC;blu-ts-18000-pre;Datasheet ölçüleri hazır;BLU TS 15000 - TS 18000.pdf;9
Ecoflam;BLU TS;BLU TS 18000.1 LN PRE TM HT;3145641;gas;TM;blu-ts-18000-pre;Datasheet ölçüleri hazır;BLU TS 15000 - TS 18000.pdf;9
Ecoflam;BLU TS;BLU TS 18000.1 LN PRE TL HT;3145642;gas;TL;blu-ts-18000-pre;Datasheet ölçüleri hazır;BLU TS 15000 - TS 18000.pdf;9
Ecoflam;BLU TS;BLU TS 23000.1 PR TC HT;3144398;gas;TC;blu-ts-23000-pr;Datasheet ölçüleri hazır;BLU TS 23000.1 PRE .pdf;9
Ecoflam;BLU TS;BLU TS 23000.1 PR TM HT;;gas;TM;blu-ts-23000-pr;Datasheet ölçüleri hazır;BLU TS 23000.1 PRE .pdf;9
Ecoflam;BLU TS;BLU TS 23000.1 PR TL HT;;gas;TL;blu-ts-23000-pr;Datasheet ölçüleri hazır;BLU TS 23000.1 PRE .pdf;9
